timestamp,sensor_0,sensor_1,sensor_2,sensor_3,sensor_4,sensor_5
2026-08-12T23:01:38.771804,196,193,166,141,136,201
2026-08-12T23:01:39.686266,436,416,168,143,138,203
2026-08-12T23:01:39.738584,197,194,167,142,137,204
2026-08-12T23:01:39.788807,197,193,168,144,138,203
2026-08-12T23:01:39.841730,201,198,167,142,137,206
2026-08-12T23:01:39.894427,177,173,168,143,138,183
2026-08-12T23:01:39.947666,234,230,168,142,138,241
2026-08-12T23:01:40.001104,231,228,168,142,137,240
2026-08-12T23:01:40.053859,239,234,168,142,139,246
2026-08-12T23:01:40.107233,243,239,168,142,138,253
2026-08-12T23:01:40.160937,235,231,168,141,137,241
2026-08-12T23:01:40.214316,247,242,169,142,139,251
2026-08-12T23:01:40.267781,244,240,168,142,138,249
2026-08-12T23:01:40.321384,215,212,167,141,137,220
2026-08-12T23:01:40.374487,228,224,166,140,137,237
2026-08-12T23:01:40.424559,274,270,163,137,134,282
2026-08-12T23:01:40.476557,230,224,164,138,135,242
2026-08-12T23:01:40.529260,236,227,163,138,135,252
2026-08-12T23:01:40.582009,220,217,163,137,135,228
2026-08-12T23:01:40.636331,205,200,164,138,135,207
2026-08-12T23:01:40.688870,227,224,163,137,134,231
2026-08-12T23:01:40.738972,221,216,154,133,128,230
2026-08-12T23:01:40.791611,217,214,151,128,127,224
2026-08-12T23:01:40.844940,228,223,140,120,118,248
2026-08-12T23:01:40.898449,190,189,133,112,112,186
2026-08-12T23:01:40.950848,197,191,131,113,112,196
2026-08-12T23:01:41.004280,196,193,129,113,111,201
2026-08-12T23:01:41.055007,181,177,128,112,109,187
2026-08-12T23:01:41.106745,179,178,124,113,109,181
2026-08-12T23:01:41.156901,175,171,119,109,105,178
2026-08-12T23:01:41.208972,176,173,117,109,103,182
2026-08-12T23:01:41.263046,187,184,114,107,101,195
2026-08-12T23:01:41.315539,188,185,114,108,103,198
2026-08-12T23:01:41.365803,189,188,114,107,101,196
2026-08-12T23:01:41.418121,192,189,118,110,104,205
2026-08-12T23:01:41.470784,203,200,125,116,109,209
2026-08-12T23:01:41.520804,184,181,123,112,107,206
2026-08-12T23:01:41.573818,198,195,128,116,111,207
2026-08-12T23:01:41.626843,204,200,128,114,109,212
2026-08-12T23:01:41.680688,172,169,129,103,100,177
2026-08-12T23:01:41.734090,160,160,119,102,100,163
2026-08-12T23:01:41.786767,168,164,119,101,99,181
2026-08-12T23:01:41.840455,170,166,123,110,104,178
2026-08-12T23:01:41.893893,182,178,126,111,106,191
2026-08-12T23:01:41.947091,198,196,125,111,106,205
2026-08-12T23:01:41.999481,183,180,126,111,106,188
2026-08-12T23:01:42.049729,170,169,125,112,107,176
2026-08-12T23:01:42.102753,178,174,124,112,106,181
2026-08-12T23:01:42.155818,192,187,126,112,107,185
2026-08-12T23:01:42.208394,235,230,125,112,106,244
2026-08-12T23:01:42.262549,183,179,125,112,106,191
2026-08-12T23:01:42.314814,180,176,125,112,106,182
2026-08-12T23:01:42.364877,178,178,124,110,105,184
2026-08-12T23:01:42.417955,253,247,125,112,107,265
2026-08-12T23:01:42.471337,264,263,125,107,104,262
2026-08-12T23:01:42.524634,271,268,125,101,102,273
2026-08-12T23:01:42.577670,276,271,135,106,109,288
2026-08-12T23:01:42.631169,269,257,139,108,113,294
2026-08-12T23:01:42.684068,306,303,143,110,114,315
2026-08-12T23:01:42.737862,363,355,142,108,113,362
2026-08-12T23:01:42.790651,416,411,143,110,115,430
2026-08-12T23:01:42.843765,408,401,142,113,115,425
2026-08-12T23:01:42.897185,125,123,140,114,116,129
2026-08-12T23:01:42.949951,123,121,136,113,112,127
2026-08-12T23:01:43.003775,126,123,133,114,112,129
2026-08-12T23:01:43.056625,124,122,128,111,109,128
2026-08-12T23:01:43.110249,124,122,126,109,107,128
2026-08-12T23:01:43.163650,123,121,124,110,106,128
2026-08-12T23:01:43.216509,125,123,128,112,108,128
2026-08-12T23:01:43.269822,126,124,122,112,107,130
2026-08-12T23:01:43.322099,131,129,147,118,111,136
2026-08-12T23:01:43.372747,139,138,137,123,115,143
2026-08-12T23:01:43.425404,137,135,136,122,114,143
2026-08-12T23:01:43.478482,139,136,136,122,116,143
2026-08-12T23:01:43.531882,138,136,135,122,115,142
2026-08-12T23:01:43.584659,137,135,136,122,114,142
2026-08-12T23:01:43.635133,138,136,136,122,115,143
2026-08-12T23:01:43.687800,136,134,135,121,114,141
2026-08-12T23:01:43.740675,138,135,133,120,115,143
2026-08-12T23:01:43.794077,132,131,128,116,109,135
2026-08-12T23:01:43.846749,128,126,120,112,103,131
2026-08-12T23:01:43.896849,129,127,120,113,104,132
2026-08-12T23:01:43.949896,122,120,115,108,100,125
2026-08-12T23:01:44.003274,116,113,112,104,98,122
2026-08-12T23:01:44.056160,122,120,115,107,100,126
2026-08-12T23:01:44.108936,120,119,118,108,102,124
2026-08-12T23:01:44.162431,117,114,120,105,101,122
2026-08-12T23:01:44.215984,118,116,124,105,102,121
2026-08-12T23:01:44.269136,115,112,126,104,103,119
2026-08-12T23:01:44.322320,120,117,133,110,109,125
2026-08-12T23:01:44.375193,122,120,137,111,111,126
2026-08-12T23:01:44.428505,120,118,136,110,110,124
2026-08-12T23:01:44.478545,121,119,146,110,109,124
2026-08-12T23:01:44.531649,121,118,100,110,109,126
2026-08-12T23:01:44.584903,123,121,164,112,111,128
2026-08-12T23:01:44.637142,125,123,139,114,112,128
2026-08-12T23:01:44.687976,123,120,138,112,111,127
2026-08-12T23:01:44.740015,124,122,139,113,111,128
2026-08-12T23:01:44.790255,122,121,137,112,111,128
2026-08-12T23:01:44.841992,124,121,138,113,112,128
2026-08-12T23:01:44.896144,123,123,139,114,111,126
2026-08-12T23:01:44.948673,123,120,139,114,111,127
2026-08-12T23:01:44.998844,123,122,138,113,112,128
2026-08-12T23:01:45.051100,123,121,139,112,112,126
2026-08-12T23:01:45.105158,101,100,132,98,103,105
2026-08-12T23:01:45.157473,115,114,143,109,113,118
2026-08-12T23:01:45.207694,111,108,141,107,111,113
2026-08-12T23:01:45.260252,109,108,141,105,111,113
2026-08-12T23:01:45.313742,108,107,137,105,112,112
2026-08-12T23:01:45.366818,115,112,136,111,114,120
2026-08-12T23:01:45.419855,118,117,132,112,112,121
2026-08-12T23:01:45.473616,112,111,127,108,108,115
2026-08-12T23:01:45.526664,118,115,129,111,111,123
2026-08-12T23:01:45.580459,120,119,141,112,111,124
2026-08-12T23:01:45.633589,113,110,97,109,108,117
2026-08-12T23:01:45.685934,122,120,156,117,113,129
2026-08-12T23:01:45.739126,140,138,138,127,119,144
2026-08-12T23:01:45.792903,140,137,136,126,118,144
2026-08-12T23:01:45.845580,140,137,137,127,119,146
2026-08-12T23:01:45.899282,141,139,136,128,118,146
2026-08-12T23:01:45.952409,140,138,136,127,118,144
2026-08-12T23:01:46.005143,141,138,137,128,119,146
2026-08-12T23:01:46.055145,139,137,136,128,118,142
2026-08-12T23:01:46.108276,134,131,129,123,114,139
2026-08-12T23:01:46.161636,139,136,129,125,115,143
2026-08-12T23:01:46.215147,134,132,127,122,112,137
2026-08-12T23:01:46.268048,134,131,130,123,114,138
2026-08-12T23:01:46.322411,135,134,132,123,116,140
2026-08-12T23:01:46.374912,129,128,135,119,114,132
2026-08-12T23:01:46.427462,121,119,135,113,112,126
2026-08-12T23:01:46.480630,116,114,133,108,111,120
2026-08-12T23:01:46.534109,117,115,142,111,114,120
2026-08-12T23:01:46.587398,107,105,136,103,107,110
2026-08-12T23:01:46.640422,104,103,129,100,106,106
2026-08-12T23:01:46.693695,107,104,127,103,107,112
2026-08-12T23:01:46.747574,117,114,139,110,112,121
2026-08-12T23:01:46.800690,116,115,138,109,111,119
2026-08-12T23:01:46.853611,115,113,139,109,111,120
2026-08-12T23:01:46.906666,116,114,140,110,111,120
2026-08-12T23:01:46.960427,116,115,138,109,111,120
2026-08-12T23:01:47.013915,117,115,141,111,113,122
2026-08-12T23:01:47.066806,100,98,132,96,105,103
2026-08-12T23:01:47.117338,95,93,129,92,101,97
2026-08-12T23:01:47.168887,88,87,123,88,97,93
2026-08-12T23:01:47.221895,86,86,118,84,93,87
2026-08-12T23:01:47.275244,82,80,110,81,89,85
2026-08-12T23:01:47.329176,81,80,101,78,83,84
2026-08-12T23:01:47.382426,78,77,98,75,81,79
2026-08-12T23:01:47.434892,73,72,93,70,78,75
2026-08-12T23:01:47.488318,72,71,91,70,76,75
2026-08-12T23:01:47.538414,74,73,92,71,76,76
2026-08-12T23:01:47.588643,78,77,96,75,80,81
2026-08-12T23:01:47.639832,87,87,105,83,88,90
2026-08-12T23:01:47.693581,86,85,105,82,88,90
2026-08-12T23:01:47.746726,87,85,106,83,87,90
2026-08-12T23:01:47.799503,87,86,105,83,87,89
2026-08-12T23:01:47.849737,88,87,107,83,88,93
2026-08-12T23:01:47.902348,87,87,106,83,86,89
2026-08-12T23:01:47.955123,91,89,101,86,86,94
2026-08-12T23:01:48.008961,87,86,92,80,80,92
2026-08-12T23:01:48.062264,85,85,91,79,77,87
2026-08-12T23:01:48.115513,85,83,92,79,77,88
2026-08-12T23:01:48.168855,84,83,97,79,79,87
2026-08-12T23:01:48.221892,85,84,98,78,79,86
2026-08-12T23:01:48.272372,83,81,99,77,80,86
2026-08-12T23:01:48.323903,83,82,103,78,82,87
2026-08-12T23:01:48.377393,89,87,109,83,88,93
2026-08-12T23:01:48.431023,90,89,110,83,88,94
2026-08-12T23:01:48.483534,92,91,113,85,89,94
2026-08-12T23:01:48.537340,96,95,117,90,93,100
2026-08-12T23:01:48.590798,97,96,117,90,93,101
2026-08-12T23:01:48.643767,97,96,116,90,92,99
2026-08-12T23:01:48.696771,96,94,116,89,91,100
2026-08-12T23:01:48.750474,97,96,117,91,93,101
2026-08-12T23:01:48.803521,96,95,116,90,91,98
2026-08-12T23:01:48.857006,105,102,131,98,102,107
2026-08-12T23:01:48.909514,103,101,135,99,106,107
2026-08-12T23:01:48.959711,103,101,137,100,106,106
2026-08-12T23:01:49.012119,105,103,138,102,108,110
2026-08-12T23:01:49.065831,101,100,131,97,103,104
2026-08-12T23:01:49.118775,102,100,128,99,104,105
2026-08-12T23:01:49.172223,99,98,124,96,101,103
2026-08-12T23:01:49.224904,101,100,123,97,102,105
2026-08-12T23:01:49.274913,102,100,124,97,102,106
2026-08-12T23:01:49.327654,103,102,126,98,102,106
2026-08-12T23:01:49.381252,108,106,131,103,107,112
2026-08-12T23:01:49.434265,110,107,133,105,110,115
2026-08-12T23:01:49.487496,110,109,132,105,109,113
2026-08-12T23:01:49.540680,110,108,132,105,109,112
2026-08-12T23:01:49.594252,111,109,133,106,110,115
2026-08-12T23:01:49.647374,112,111,132,106,109,114
2026-08-12T23:01:49.700048,104,102,116,97,98,108
2026-08-12T23:01:49.753860,95,93,109,91,93,99
2026-08-12T23:01:49.807140,98,97,106,92,92,99
2026-08-12T23:01:49.860112,95,93,102,89,89,99
2026-08-12T23:01:49.913809,92,90,98,86,86,95
2026-08-12T23:01:49.966911,93,92,97,85,85,94
2026-08-12T23:01:50.020110,89,87,94,84,83,93
2026-08-12T23:01:50.073617,92,90,96,85,83,95
2026-08-12T23:01:50.126156,93,92,96,86,85,96
2026-08-12T23:01:50.179901,100,98,103,93,90,105
2026-08-12T23:01:50.232792,103,101,104,93,90,106
2026-08-12T23:01:50.286209,103,102,104,94,90,105
2026-08-12T23:01:50.338545,103,100,104,94,91,107
2026-08-12T23:01:50.388679,103,103,104,94,90,106
2026-08-12T23:01:50.441907,102,100,104,94,90,106
2026-08-12T23:01:50.494712,109,107,106,97,94,112
2026-08-12T23:01:50.544963,110,107,108,98,96,111
2026-08-12T23:01:50.597192,97,95,104,89,90,102
2026-08-12T23:01:50.650496,102,102,109,92,93,105
2026-08-12T23:01:50.703784,102,101,117,95,98,105
2026-08-12T23:01:50.757251,100,98,121,94,100,102
2026-08-12T23:01:50.810079,102,102,122,96,101,106
2026-08-12T23:01:50.860159,97,95,121,92,99,99
2026-08-12T23:01:50.913152,95,94,119,89,97,97
2026-08-12T23:01:50.966473,96,95,120,91,98,100
2026-08-12T23:01:51.019666,97,95,121,92,98,100
2026-08-12T23:01:51.072131,98,97,121,93,97,101
2026-08-12T23:01:51.125334,97,96,120,91,97,100
2026-08-12T23:01:51.178468,98,96,121,92,98,103
2026-08-12T23:01:51.228867,97,96,119,91,97,100
2026-08-12T23:01:51.281483,115,112,138,107,113,120
2026-08-12T23:01:51.334734,107,105,131,100,108,111
2026-08-12T23:01:51.387894,96,95,127,92,102,98
2026-08-12T23:01:51.440669,96,94,127,94,103,101
2026-08-12T23:01:51.490761,98,97,126,94,103,100
2026-08-12T23:01:51.543879,93,92,121,90,100,94
2026-08-12T23:01:51.597175,88,86,114,83,93,91
2026-08-12T23:01:51.649983,81,80,106,78,88,84
2026-08-12T23:01:51.702919,76,75,100,73,83,79
2026-08-12T23:01:51.756705,77,77,99,73,83,79
2026-08-12T23:01:51.810057,76,76,96,72,81,77
2026-08-12T23:01:51.863522,73,72,95,71,80,76
2026-08-12T23:01:51.916590,66,65,87,64,73,69
2026-08-12T23:01:51.969900,66,66,87,64,73,67
2026-08-12T23:01:52.022886,73,71,94,71,79,77
2026-08-12T23:01:52.076509,81,81,100,76,84,84
2026-08-12T23:01:52.126922,80,78,99,75,82,82
2026-08-12T23:01:52.178363,80,79,100,75,83,84
2026-08-12T23:01:52.231904,80,80,99,75,83,83
2026-08-12T23:01:52.285246,79,78,99,75,83,83
2026-08-12T23:01:52.338398,79,78,99,74,83,82
2026-08-12T23:01:52.391019,81,80,99,77,84,82
2026-08-12T23:01:52.445141,75,75,91,71,76,77
2026-08-12T23:01:52.498280,67,66,81,64,70,70
2026-08-12T23:01:52.551667,75,74,82,70,72,77
2026-08-12T23:01:52.604698,81,79,87,76,76,85
2026-08-12T23:01:52.657643,79,79,86,74,75,82
2026-08-12T23:01:52.711321,78,77,87,72,74,81
2026-08-12T23:01:52.764395,72,71,84,68,71,75
2026-08-12T23:01:52.817533,72,72,86,68,71,74
2026-08-12T23:01:52.871085,74,73,88,69,72,77
2026-08-12T23:01:52.923933,71,70,88,68,72,74
2026-08-12T23:01:52.977565,74,73,89,70,73,75
2026-08-12T23:01:53.029969,75,74,89,71,74,75
2026-08-12T23:01:53.083713,77,75,90,72,74,81
2026-08-12T23:01:53.137384,80,79,90,74,76,82
2026-08-12T23:01:53.190579,79,77,90,74,75,81
2026-08-12T23:01:53.243603,80,79,90,74,76,84
2026-08-12T23:01:53.296933,82,81,91,75,76,84
2026-08-12T23:01:53.349676,78,77,89,72,74,79
2026-08-12T23:01:53.402255,78,77,93,72,76,80
2026-08-12T23:01:53.456663,82,81,112,80,87,85
2026-08-12T23:01:53.509981,84,83,118,82,90,86
2026-08-12T23:01:53.562915,89,87,124,87,96,91
2026-08-12T23:01:53.616567,82,82,118,82,92,84
2026-08-12T23:01:53.669666,81,80,116,81,91,84
2026-08-12T23:01:53.723337,81,79,116,81,92,84
2026-08-12T23:01:53.775579,82,81,116,81,91,83
2026-08-12T23:01:53.828882,83,81,118,82,92,86
2026-08-12T23:01:53.881991,86,85,119,84,94,90
2026-08-12T23:01:53.935945,86,85,118,84,93,88
2026-08-12T23:01:53.988613,86,84,119,84,93,90
2026-08-12T23:01:54.042303,87,85,119,85,94,90
2026-08-12T23:01:54.095213,86,86,119,84,93,88
2026-08-12T23:01:54.148598,90,88,120,87,95,91
2026-08-12T23:01:54.201358,101,98,120,95,100,106
2026-08-12T23:01:54.251510,104,102,116,96,99,108
2026-08-12T23:01:54.303735,104,102,113,95,98,108
2026-08-12T23:01:54.353752,107,105,114,98,100,115
2026-08-12T23:01:54.406174,90,88,94,82,83,91
2026-08-12T23:01:54.460100,84,83,90,77,79,86
2026-08-12T23:01:54.512922,85,83,90,78,79,87
2026-08-12T23:01:54.565936,90,88,92,80,81,93
2026-08-12T23:01:54.620001,95,94,96,84,84,99
2026-08-12T23:01:54.672259,96,95,96,84,84,98
2026-08-12T23:01:54.726259,96,94,97,84,84,100
2026-08-12T23:01:54.779838,96,96,96,84,84,98
2026-08-12T23:01:54.832294,93,92,96,84,83,97
2026-08-12T23:01:54.885528,92,91,94,83,84,96
2026-08-12T23:01:54.939505,101,99,99,89,87,103
2026-08-12T23:01:54.992043,98,96,98,86,86,102
2026-08-12T23:01:55.045744,98,96,98,86,85,102
2026-08-12T23:01:55.098765,95,93,95,82,82,97
2026-08-12T23:01:55.152397,85,84,95,77,80,88
2026-08-12T23:01:55.204953,86,85,97,77,81,89
2026-08-12T23:01:55.258189,90,89,103,80,84,93
2026-08-12T23:01:55.311804,95,94,110,85,90,100
2026-08-12T23:01:55.365511,99,97,111,87,90,102
2026-08-12T23:01:55.418311,97,96,110,86,89,99
2026-08-12T23:01:55.471840,95,94,110,85,89,100
2026-08-12T23:01:55.524932,97,95,110,86,89,101
2026-08-12T23:01:55.574952,96,94,109,86,88,98
2026-08-12T23:01:55.627579,97,95,110,86,90,100
2026-08-12T23:01:55.680907,99,97,112,87,91,103
2026-08-12T23:01:55.733680,120,118,147,113,115,127
2026-08-12T23:01:55.787321,122,120,150,115,118,128
2026-08-12T23:01:55.840443,134,131,159,123,126,138
2026-08-12T23:01:55.893830,141,138,162,129,130,146
2026-08-12T23:01:55.946305,140,138,160,127,129,144
2026-08-12T23:01:55.999678,148,145,161,133,132,153
2026-08-12T23:01:56.053591,149,146,164,134,133,154
2026-08-12T23:01:56.106930,157,154,169,138,135,163
2026-08-12T23:01:56.160078,157,155,167,136,134,162
2026-08-12T23:01:56.212869,157,154,167,137,134,162
2026-08-12T23:01:56.266017,158,156,167,138,135,164
2026-08-12T23:01:56.318917,155,153,167,138,134,160
2026-08-12T23:01:56.372413,145,142,152,128,124,150
2026-08-12T23:01:56.425635,150,149,151,131,126,157
2026-08-12T23:01:56.479362,152,149,145,132,123,157
2026-08-12T23:01:56.532802,146,143,139,126,119,150
2026-08-12T23:01:56.585549,140,138,130,122,112,147
2026-08-12T23:01:56.638486,137,135,128,119,110,141
2026-08-12T23:01:56.692042,132,129,125,115,106,135
2026-08-12T23:01:56.745922,124,122,122,110,102,129
2026-08-12T23:01:56.798641,128,126,124,111,102,132
2026-08-12T23:01:56.851510,137,134,128,116,107,142
2026-08-12T23:01:56.905019,137,135,128,116,106,142
2026-08-12T23:01:56.955348,135,134,127,115,105,140
2026-08-12T23:01:57.006836,137,135,128,116,106,141
2026-08-12T23:01:57.060541,134,132,128,116,106,138
2026-08-12T23:01:57.113837,128,126,134,113,107,131
2026-08-12T23:01:57.167724,110,108,126,99,97,114
2026-08-12T23:01:57.221422,108,106,132,99,100,112
2026-08-12T23:01:57.273742,110,108,136,102,104,114
2026-08-12T23:01:57.327382,111,110,136,101,104,116
2026-08-12T23:01:57.380230,111,110,135,101,102,114
2026-08-12T23:01:57.433658,113,111,135,102,102,118
2026-08-12T23:01:57.486331,113,111,135,102,102,117
2026-08-12T23:01:57.540089,112,111,134,101,102,116
2026-08-12T23:01:57.592811,114,111,136,102,102,118
2026-08-12T23:01:57.646130,113,112,134,102,102,118
2026-08-12T23:01:57.699653,111,109,133,100,101,114
2026-08-12T23:01:57.752214,112,110,137,103,103,117
2026-08-12T23:01:57.806179,111,110,136,102,104,116
2026-08-12T23:01:57.859373,110,108,135,101,104,114
2026-08-12T23:01:57.913230,108,105,136,100,103,112
2026-08-12T23:01:57.965760,105,104,134,97,101,108
2026-08-12T23:01:58.015832,102,100,138,97,102,104
2026-08-12T23:01:58.067921,98,97,135,95,101,102
2026-08-12T23:01:58.121979,96,95,134,93,101,100
2026-08-12T23:01:58.175032,94,92,135,93,100,97
2026-08-12T23:01:58.228108,98,97,138,97,103,102
2026-08-12T23:01:58.280872,99,97,138,97,104,101
2026-08-12T23:01:58.334880,101,99,139,98,106,105
2026-08-12T23:01:58.387689,103,101,140,99,106,106
2026-08-12T23:01:58.441001,103,101,141,100,105,106
2026-08-12T23:01:58.494064,115,112,149,107,112,121
2026-08-12T23:01:58.547074,117,116,150,109,112,121
2026-08-12T23:01:58.597155,117,114,151,109,113,122
2026-08-12T23:01:58.649841,118,116,150,109,112,123
2026-08-12T23:01:58.703769,118,116,148,108,112,122
2026-08-12T23:01:58.756942,116,114,149,108,112,122
2026-08-12T23:01:58.809571,107,106,142,100,107,109
2026-08-12T23:01:58.862853,90,89,123,85,93,90
2026-08-12T23:01:58.915982,106,103,125,99,99,110
2026-08-12T23:01:58.969894,122,120,125,111,105,127
2026-08-12T23:01:59.022958,124,122,123,110,104,127
2026-08-12T23:01:59.075493,113,110,114,101,96,117
2026-08-12T23:01:59.125651,112,111,113,101,95,116
2026-08-12T23:01:59.178316,116,113,117,105,99,121
2026-08-12T23:01:59.231580,114,113,114,103,97,118
2026-08-12T23:01:59.284541,114,113,114,103,97,117
2026-08-12T23:01:59.334800,115,113,115,103,97,120
2026-08-12T23:01:59.387502,115,114,114,103,97,118
2026-08-12T23:01:59.440615,114,112,113,101,95,118
2026-08-12T23:01:59.494185,110,108,109,96,92,115
2026-08-12T23:01:59.546651,103,102,106,89,86,106
2026-08-12T23:01:59.600430,105,102,111,92,90,105
2026-08-12T23:01:59.653944,101,99,117,90,90,103
2026-08-12T23:01:59.706251,104,102,122,93,94,107
2026-08-12T23:01:59.760021,103,101,121,93,94,108
2026-08-12T23:01:59.813499,104,102,120,92,93,107
2026-08-12T23:01:59.866281,105,104,118,95,93,110
2026-08-12T23:01:59.919970,103,100,114,95,92,108
2026-08-12T23:01:59.972841,105,103,114,96,93,108
2026-08-12T23:02:00.025997,104,103,114,96,93,107
2026-08-12T23:02:00.079508,106,103,114,96,94,111
2026-08-12T23:02:00.132569,105,103,114,96,93,109
2026-08-12T23:02:00.186485,102,101,114,93,92,105
2026-08-12T23:02:00.239644,99,97,124,93,95,102
2026-08-12T23:02:00.292279,92,92,121,87,91,95
2026-08-12T23:02:00.345861,88,87,119,85,91,91
2026-08-12T23:02:00.398540,98,95,135,95,102,103
2026-08-12T23:02:00.452069,110,109,144,104,109,113
2026-08-12T23:02:00.505853,111,109,146,106,110,114
2026-08-12T23:02:00.558970,111,109,148,107,111,116
2026-08-12T23:02:00.611759,112,111,147,107,110,116
2026-08-12T23:02:00.665808,111,109,146,107,110,114
2026-08-12T23:02:00.718079,112,110,148,107,111,116
2026-08-12T23:02:00.768092,110,110,147,105,109,114
2026-08-12T23:02:00.820844,111,109,146,105,110,116
2026-08-12T23:02:00.873811,119,117,152,112,115,123
2026-08-12T23:02:00.927756,120,118,153,113,115,124
2026-08-12T23:02:00.980211,120,117,153,113,115,125
2026-08-12T23:02:01.033591,128,126,154,119,117,132
2026-08-12T23:02:01.087537,130,128,156,121,119,134
2026-08-12T23:02:01.140759,131,128,152,121,117,135
2026-08-12T23:02:01.193622,133,131,148,120,114,136
2026-08-12T23:02:01.246713,130,127,144,119,111,134
2026-08-12T23:02:01.299709,133,130,143,122,112,137
2026-08-12T23:02:01.353876,133,131,142,121,111,137
2026-08-12T23:02:01.407095,132,130,141,120,110,135
2026-08-12T23:02:01.460231,132,130,140,121,111,137
2026-08-12T23:02:01.512626,133,131,141,121,111,138
2026-08-12T23:02:01.565863,133,131,141,122,112,138
2026-08-12T23:02:01.619305,135,131,142,122,112,140
2026-08-12T23:02:01.672810,134,133,142,122,111,138
2026-08-12T23:02:01.725996,134,131,142,122,111,137
2026-08-12T23:02:01.779487,135,132,142,122,111,139
2026-08-12T23:02:01.832609,139,137,143,127,114,142
2026-08-12T23:02:01.885953,144,142,141,129,113,148
2026-08-12T23:02:01.939349,141,138,139,127,113,147
2026-08-12T23:02:01.990126,153,149,155,138,122,157
2026-08-12T23:02:02.041104,147,144,159,136,122,151
2026-08-12T23:02:02.095011,153,152,166,142,128,157
2026-08-12T23:02:02.147646,150,147,164,140,126,154
2026-08-12T23:02:02.197797,150,148,167,139,127,153
2026-08-12T23:02:02.250287,150,147,169,140,128,155
2026-08-12T23:02:02.303926,153,151,172,143,130,158
2026-08-12T23:02:02.356818,153,151,172,144,130,159
2026-08-12T23:02:02.410220,152,150,171,143,129,158
2026-08-12T23:02:02.463732,150,147,172,144,130,155
2026-08-12T23:02:02.516718,152,150,171,145,129,157
2026-08-12T23:02:02.569915,154,151,171,147,129,159
2026-08-12T23:02:02.623340,153,151,170,147,128,160
2026-08-12T23:02:02.675925,161,159,169,150,134,166
2026-08-12T23:02:02.725979,159,156,169,150,133,165
2026-08-12T23:02:02.778519,159,157,169,149,133,164
2026-08-12T23:02:02.831965,158,156,168,149,132,163
2026-08-12T23:02:02.885578,159,155,168,150,132,163
2026-08-12T23:02:02.938265,159,157,168,150,132,164
2026-08-12T23:02:02.991018,158,155,168,149,132,163
2026-08-12T23:02:03.041296,159,157,168,150,132,163
2026-08-12T23:02:03.094020,159,156,168,149,132,163
2026-08-12T23:02:03.147820,158,155,168,149,132,163
2026-08-12T23:02:03.201047,159,156,168,149,132,164
2026-08-12T23:02:03.254189,158,156,168,149,132,163
2026-08-12T23:02:03.307087,157,154,168,150,132,162
2026-08-12T23:02:03.360117,158,156,168,149,132,163
2026-08-12T23:02:03.413831,158,155,168,150,132,163
2026-08-12T23:02:03.466821,158,155,168,150,132,163
